id;brand;name;type;w_min;w_max;protein;proteinBasis;pl;usable;source;checkedAt;note
"barilla-integrale-di-grano-tenero";"Barilla";"Integrale di grano tenero";"Integrale";"";"";"12.5";"g per 100 g di prodotto";"";"true";"https://www.barilla.com/it-it/prodotti/farine-e-cereali/farine/farina-integrale-di-grano-tenero";"2026-09-25";"W non pubblicato nella scheda consultata."
"caputo-a-metro";"Caputo";"A metro";"00";"310";"330";"13.5";"Percentuale dichiarata dal produttore";"0,45/0,50";"true";"https://www.mulinocaputo.it/prodotti/a-metro/";"2026-09-25";""
"caputo-doppio-zero";"Caputo";"Doppio Zero";"00";"220";"240";"12";"Percentuale dichiarata dal produttore";"0,50 / 0,60";"true";"https://www.mulinocaputo.it/prodotti/doppio-zero/";"2026-09-25";""
"caputo-fioreglut-pizza-e-pane";"Caputo";"Fioreglut Pizza e Pane";"n.d.";"";"";"1";"Percentuale dichiarata dal produttore";"";"false";"https://www.mulinocaputo.it/prodotti/fioreglut-pizza-e-pane/";"2026-09-25";"Prodotto consultabile nel catalogo; richiede una ricetta specifica ed è escluso dal calcolo standard."
"caputo-integrale";"Caputo";"Integrale 1kg";"Integrale";"170";"190";"13";"Percentuale dichiarata dal produttore";"0,80/0,90";"true";"https://www.mulinocaputo.it/prodotti/integrale/";"2026-09-25";""
"caputo-manitoba-oro";"Caputo";"Manitoba Oro";"0";"360";"380";"14";"Percentuale dichiarata dal produttore";"0,45–0,55";"true";"https://www.mulinocaputo.it/prodotti/manitoba-oro/";"2026-09-25";""
"caputo-nuvola";"Caputo";"Nuvola";"0";"270";"290";"12.5";"Percentuale dichiarata dal produttore";"0,50–0,60";"true";"https://www.mulinocaputo.it/prodotti/nuvola/";"2026-09-25";""
"caputo-nuvola-super-5-kg";"Caputo";"Nuvola Super 5 kg";"0";"320";"340";"13.5";"Percentuale dichiarata dal produttore";"0,50–0,60";"true";"https://www.mulinocaputo.it/prodotti/nuvola-super-5kg/";"2026-09-25";""
"caputo-pizzeria";"Caputo";"Pizzeria";"00";"260";"280";"12.5";"Percentuale dichiarata dal produttore";"0,50–0,60";"true";"https://www.mulinocaputo.it/prodotti/pizzeria/";"2026-09-25";""
"caputo-saccorosso";"Caputo";"Saccorosso";"00";"300";"320";"13";"Percentuale dichiarata dal produttore";"0,50–0,60";"true";"https://www.mulinocaputo.it/prodotti/saccorosso/";"2026-09-25";""
"divella-00-pizza-1-e-5-kg";"Divella";"00 Pizza · 1 e 5 kg";"00";"";"";"10.5";"g per 100 g di prodotto";"";"true";"https://www.divella.it/it/prodotti/farina-00-pizza-1kg-5kg/";"2026-09-25";"La referenza domestica è distinta da quella professionale da 25 kg. W non pubblicato."
"divella-manitoba-25-kg";"Divella";"Manitoba · 25 kg";"0";"370";"400";"14.2";"Minimo tecnico, Nx5,70; base non specificata";"0,55–0,65";"true";"https://www.divella.it/wp-content/uploads/2022/12/1590056426_prodotti.pdf";"2026-09-25";"Catalogo pubblicato nel 2022. Solo referenza professionale da 25 kg; verificare i parametri del lotto attuale."
"divella-pizza-25-kg";"Divella";"Pizza · 25 kg";"00";"220";"240";"11.5";"Minimo tecnico, Nx5,70; base non specificata";"0,60–0,70";"true";"https://www.divella.it/wp-content/uploads/2022/12/1590056426_prodotti.pdf";"2026-09-25";"Catalogo pubblicato nel 2022. Solo referenza professionale da 25 kg; verificare i parametri del lotto attuale."
"divella-pizza-napoletana-25-kg";"Divella";"Pizza Napoletana · 25 kg";"00";"300";"330";"13";"Minimo tecnico, Nx5,70; base non specificata";"0,60–0,70";"true";"https://www.divella.it/wp-content/uploads/2022/12/1590056426_prodotti.pdf";"2026-09-25";"Catalogo pubblicato nel 2022. Solo referenza professionale da 25 kg; verificare i parametri del lotto attuale."
"divella-pizza-super-25-kg";"Divella";"Pizza Super · 25 kg";"00";"250";"280";"12.3";"Minimo tecnico, Nx5,70; base non specificata";"0,60–0,70";"true";"https://www.divella.it/wp-content/uploads/2022/12/1590056426_prodotti.pdf";"2026-09-25";"Catalogo pubblicato nel 2022. Solo referenza professionale da 25 kg; verificare i parametri del lotto attuale."
"garofalo-farina-integrale";"Garofalo";"Integrale";"Integrale";"";"";"10";"g per 100 g di prodotto";"";"true";"https://www.pasta-garofalo.com/it/prodotto/farina-integrale/";"2026-09-25";""
"garofalo-semola-rimacinata";"Garofalo";"Semola Rimacinata";"Semola rimacinata";"";"";"13";"g per 100 g di prodotto";"";"false";"https://www.pasta-garofalo.com/it/prodotto/semola-rimacinata/";"2026-09-25";"Prodotto consultabile nel catalogo; richiede una ricetta specifica ed è escluso dal calcolo standard."
"garofalo-farina-w-170";"Garofalo";"W 170";"00";"170";"170";"11";"g per 100 g di prodotto";"";"true";"https://www.pasta-garofalo.com/it/prodotto/farina-w-170/";"2026-09-25";""
"garofalo-farina-w260";"Garofalo";"W 260";"00";"260";"260";"12";"g per 100 g di prodotto";"";"true";"https://www.pasta-garofalo.com/it/prodotto/farina-w260/";"2026-09-25";""
"garofalo-farina-w-350";"Garofalo";"W 350";"00";"350";"350";"13";"g per 100 g di prodotto";"";"true";"https://www.pasta-garofalo.com/it/prodotto/farina-w-350/";"2026-09-25";""
"le-5-stagioni-ciabatta-romana";"Le 5 Stagioni";"Ciabatta Romana";"00";"";"";"";"Percentuale dichiarata dal produttore";"";"false";"https://le5stagioni.com/prodotto/ciabatta-romana/";"2026-09-25";"Miscela o ingrediente da utilizzare secondo la ricetta del produttore. Può richiedere dosi specifiche, contenere sale o essere destinata all’uso parziale."
"le-5-stagioni-classica";"Le 5 Stagioni";"Classica";"00";"190";"230";"10";"Minimo su sostanza secca";"0,50–0,70";"true";"https://le5stagioni.com/wp-content/uploads/2025/03/CATALOGO_COMPLETO-20231220-IT-EN-NEW_compressed.pdf";"2026-09-25";"Catalogo del produttore (edizione 2023, pubblicato nel 2025). Intervallo W comprensivo delle tolleranze dichiarate. Verificare il lotto attuale."
"le-5-stagioni-gluten-free";"Le 5 Stagioni";"Gluten Free";"n.d.";"";"";"";"Percentuale dichiarata dal produttore";"";"false";"https://le5stagioni.com/prodotto/gluten-free/";"2026-09-25";"Prodotto consultabile nel catalogo; richiede una ricetta specifica ed è escluso dal calcolo standard."
"le-5-stagioni-grano-franto";"Le 5 Stagioni";"Grano Franto";"0";"";"";"";"Percentuale dichiarata dal produttore";"";"false";"https://le5stagioni.com/prodotto/grano-franto/";"2026-09-25";"Miscela o ingrediente da utilizzare secondo la ricetta del produttore. Può richiedere dosi specifiche, contenere sale o essere destinata all’uso parziale."
"le-5-stagioni-kamut";"Le 5 Stagioni";"Kamut";"n.d.";"";"";"14";"Percentuale dichiarata dal produttore";"";"false";"https://le5stagioni.com/prodotto/kamut/";"2026-09-25";"Prodotto consultabile nel catalogo; richiede una ricetta specifica ed è escluso dal calcolo standard."
"le-5-stagioni-lintegrale";"Le 5 Stagioni";"La Rustica Integrale";"Integrale";"";"";"14";"Su sostanza secca; minimo se indicato in scheda";"";"true";"https://le5stagioni.com/prodotto/lintegrale/";"2026-09-25";""
"le-5-stagioni-manitoba";"Le 5 Stagioni";"Manitoba";"00";"400";"440";"14.5";"Minimo su sostanza secca";"0,50–0,70";"true";"https://le5stagioni.com/wp-content/uploads/2025/03/CATALOGO_COMPLETO-20231220-IT-EN-NEW_compressed.pdf";"2026-09-25";"Catalogo del produttore (edizione 2023, pubblicato nel 2025). Intervallo W comprensivo delle tolleranze dichiarate. Verificare il lotto attuale."
"le-5-stagioni-mia-gra";"Le 5 Stagioni";"MIA GRA";"2";"";"";"12";"Su sostanza secca; minimo se indicato in scheda";"";"true";"https://le5stagioni.com/prodotto/mia-gra/";"2026-09-25";""
"le-5-stagioni-mia-m";"Le 5 Stagioni";"MIA M";"1";"";"";"13";"Su sostanza secca; minimo se indicato in scheda";"";"true";"https://le5stagioni.com/prodotto/mia-m/";"2026-09-25";""
"le-5-stagioni-mia-s";"Le 5 Stagioni";"MIA S";"1";"";"";"12";"Su sostanza secca; minimo se indicato in scheda";"";"true";"https://le5stagioni.com/prodotto/mia-s/";"2026-09-25";""
"le-5-stagioni-mia-sei";"Le 5 Stagioni";"MIA SEI";"n.d.";"";"";"14";"Su sostanza secca; minimo se indicato in scheda";"";"false";"https://le5stagioni.com/prodotto/mia-sei/";"2026-09-25";"Miscela o ingrediente da utilizzare secondo la ricetta del produttore. Può richiedere dosi specifiche, contenere sale o essere destinata all’uso parziale."
"le-5-stagioni-mia-x";"Le 5 Stagioni";"MIA X";"1";"";"";"13.5";"Percentuale dichiarata dal produttore";"";"true";"https://le5stagioni.com/prodotto/mia-x/";"2026-09-25";""
"le-5-stagioni-mora";"Le 5 Stagioni";"Mora";"n.d.";"";"";"15";"Percentuale dichiarata dal produttore";"";"true";"https://le5stagioni.com/prodotto/mora/";"2026-09-25";""
"le-5-stagioni-non-solo-grano";"Le 5 Stagioni";"Non Solo Grano";"00";"";"";"";"Percentuale dichiarata dal produttore";"";"true";"https://le5stagioni.com/prodotto/non-solo-grano/";"2026-09-25";""
"le-5-stagioni-nucleo-pizza-rustica";"Le 5 Stagioni";"Nucleo Pizza Rustica";"n.d.";"";"";"";"Percentuale dichiarata dal produttore";"";"false";"https://le5stagioni.com/prodotto/nucleo-pizza-rustica/";"2026-09-25";"Miscela o ingrediente da utilizzare secondo la ricetta del produttore. Può richiedere dosi specifiche, contenere sale o essere destinata all’uso parziale."
"le-5-stagioni-oro";"Le 5 Stagioni";"Oro";"00";"380";"420";"14";"Minimo su sostanza secca";"0,50–0,70";"true";"https://le5stagioni.com/wp-content/uploads/2025/03/CATALOGO_COMPLETO-20231220-IT-EN-NEW_compressed.pdf";"2026-09-25";"Catalogo del produttore (edizione 2023, pubblicato nel 2025). Intervallo W comprensivo delle tolleranze dichiarate. Verificare il lotto attuale."
"le-5-stagioni-la-pasta-fresca";"Le 5 Stagioni";"Pasta Fresca";"00";"";"";"11.5";"Su sostanza secca; minimo se indicato in scheda";"";"true";"https://le5stagioni.com/prodotto/la-pasta-fresca/";"2026-09-25";""
"le-5-stagioni-pizza-tradizione";"Le 5 Stagioni";"Pizza & Tradizione";"0";"";"";"";"Percentuale dichiarata dal produttore";"";"false";"https://le5stagioni.com/prodotto/pizza-tradizione/";"2026-09-25";"Miscela o ingrediente da utilizzare secondo la ricetta del produttore. Può richiedere dosi specifiche, contenere sale o essere destinata all’uso parziale."
"le-5-stagioni-pizza-tradizione-roma";"Le 5 Stagioni";"Pizza & Tradizione Roma";"0";"";"";"";"Percentuale dichiarata dal produttore";"";"false";"https://le5stagioni.com/prodotto/pizza-tradizione-roma/";"2026-09-25";"Miscela o ingrediente da utilizzare secondo la ricetta del produttore. Può richiedere dosi specifiche, contenere sale o essere destinata all’uso parziale."
"le-5-stagioni-pizza-delight";"Le 5 Stagioni";"Pizza Delight";"0";"";"";"";"Percentuale dichiarata dal produttore";"";"true";"https://le5stagioni.com/prodotto/pizza-delight/";"2026-09-25";""
"le-5-stagioni-pizza-napoletana-rossa";"Le 5 Stagioni";"Pizza Napoletana Rossa";"00";"300";"330";"13";"Minimo su sostanza secca";"0,50–0,70";"true";"https://le5stagioni.com/wp-content/uploads/2025/03/CATALOGO_COMPLETO-20231220-IT-EN-NEW_compressed.pdf";"2026-09-25";"Catalogo del produttore (edizione 2023, pubblicato nel 2025). Intervallo W comprensivo delle tolleranze dichiarate. Verificare il lotto attuale."
"le-5-stagioni-pizza-napoletana-verde";"Le 5 Stagioni";"Pizza Napoletana Verde";"00";"270";"300";"11.5";"Minimo su sostanza secca";"0,50–0,70";"true";"https://le5stagioni.com/wp-content/uploads/2025/03/CATALOGO_COMPLETO-20231220-IT-EN-NEW_compressed.pdf";"2026-09-25";"Catalogo del produttore (edizione 2023, pubblicato nel 2025). Intervallo W comprensivo delle tolleranze dichiarate. Verificare il lotto attuale."
"le-5-stagioni-pizza-soia";"Le 5 Stagioni";"Pizza Soia";"0";"";"";"16";"Percentuale dichiarata dal produttore";"";"true";"https://le5stagioni.com/prodotto/pizza-soia/";"2026-09-25";""
"le-5-stagioni-pizza-teglia";"Le 5 Stagioni";"Pizza Teglia";"0";"";"";"";"Percentuale dichiarata dal produttore";"";"false";"https://le5stagioni.com/prodotto/pizza-teglia/";"2026-09-25";"Miscela o ingrediente da utilizzare secondo la ricetta del produttore. Può richiedere dosi specifiche, contenere sale o essere destinata all’uso parziale."
"le-5-stagioni-pizza-teglia-integrale";"Le 5 Stagioni";"Pizza Teglia Integrale";"00";"";"";"";"Percentuale dichiarata dal produttore";"";"false";"https://le5stagioni.com/prodotto/pizza-teglia-integrale/";"2026-09-25";"Miscela o ingrediente da utilizzare secondo la ricetta del produttore. Può richiedere dosi specifiche, contenere sale o essere destinata all’uso parziale."
"le-5-stagioni-rinforzata";"Le 5 Stagioni";"Rinforzata";"00";"240";"280";"11";"Minimo su sostanza secca";"0,50–0,70";"true";"https://le5stagioni.com/wp-content/uploads/2025/03/CATALOGO_COMPLETO-20231220-IT-EN-NEW_compressed.pdf";"2026-09-25";"Catalogo del produttore (edizione 2023, pubblicato nel 2025). Intervallo W comprensivo delle tolleranze dichiarate. Verificare il lotto attuale."
"le-5-stagioni-semina";"Le 5 Stagioni";"Semina";"2";"";"";"13";"Su sostanza secca; minimo se indicato in scheda";"";"true";"https://le5stagioni.com/prodotto/semina/";"2026-09-25";""
"le-5-stagioni-semola";"Le 5 Stagioni";"Semola";"n.d.";"";"";"12";"Su sostanza secca; minimo se indicato in scheda";"";"false";"https://le5stagioni.com/prodotto/semola/";"2026-09-25";"Prodotto consultabile nel catalogo; richiede una ricetta specifica ed è escluso dal calcolo standard."
"le-5-stagioni-semola-rimacinata";"Le 5 Stagioni";"Semola Rimacinata";"n.d.";"";"";"12";"Su sostanza secca; minimo se indicato in scheda";"";"false";"https://le5stagioni.com/prodotto/semola-rimacinata/";"2026-09-25";"Prodotto consultabile nel catalogo; richiede una ricetta specifica ed è escluso dal calcolo standard."
"le-5-stagioni-superiore";"Le 5 Stagioni";"Superiore";"00";"320";"360";"13";"Minimo su sostanza secca";"0,50–0,70";"true";"https://le5stagioni.com/wp-content/uploads/2025/03/CATALOGO_COMPLETO-20231220-IT-EN-NEW_compressed.pdf";"2026-09-25";"Catalogo del produttore (edizione 2023, pubblicato nel 2025). Intervallo W comprensivo delle tolleranze dichiarate. Verificare il lotto attuale."
"le-5-stagioni-tipozero-manitoba";"Le 5 Stagioni";"Tipozero Manitoba";"0";"";"";"14.5";"Su sostanza secca; minimo se indicato in scheda";"";"true";"https://le5stagioni.com/prodotto/tipozero-manitoba/";"2026-09-25";""
"le-5-stagioni-tipozero-superiore";"Le 5 Stagioni";"Tipozero Superiore";"0";"";"";"12";"Su sostanza secca; minimo se indicato in scheda";"";"true";"https://le5stagioni.com/prodotto/tipozero-superiore/";"2026-09-25";""
"molini-pivetti-gran-riserva-arancione";"Molini Pivetti";"Gran Riserva Arancione";"00";"290";"320";"";"Percentuale dichiarata dal produttore";"";"true";"https://www.molinipivetti.it/prodotto/gran-riserva-arancione/";"2026-09-25";""
"molini-pivetti-gran-riserva-gialla";"Molini Pivetti";"Gran Riserva Gialla";"00";"270";"290";"";"Percentuale dichiarata dal produttore";"";"true";"https://www.molinipivetti.it/prodotto/gran-riserva-gialla/";"2026-09-25";""
"molini-pivetti-gran-riserva-rossa";"Molini Pivetti";"Gran Riserva Rossa";"00";"340";"370";"";"Percentuale dichiarata dal produttore";"";"true";"https://www.molinipivetti.it/prodotto/gran-riserva-rossa/";"2026-09-25";""
"molini-pivetti-incanto";"Molini Pivetti";"Incanto";"0";"300";"300";"";"Percentuale dichiarata dal produttore";"";"true";"https://www.molinipivetti.it/prodotto/incanto/";"2026-09-25";""
"molini-pivetti-maggica";"Molini Pivetti";"Maggica";"0";"340";"340";"";"Percentuale dichiarata dal produttore";"";"true";"https://www.molinipivetti.it/prodotto/maggica/";"2026-09-25";""
"molini-pivetti-nafavola-270";"Molini Pivetti";"Nafavola 270";"0";"270";"270";"";"Percentuale dichiarata dal produttore";"";"true";"https://www.molinipivetti.it/prodotto/nafavola-270/";"2026-09-25";""
"molini-pivetti-nafavola-320";"Molini Pivetti";"Nafavola 320";"0";"320";"320";"";"Percentuale dichiarata dal produttore";"";"true";"https://www.molinipivetti.it/prodotto/nafavola-320/";"2026-09-25";""
"molini-pivetti-professional-bio";"Molini Pivetti";"Professional Bio";"0";"";"";"";"Percentuale dichiarata dal produttore";"";"true";"https://www.molinipivetti.it/prodotto/professional-bio/";"2026-09-25";""
"molini-pivetti-professional-granito";"Molini Pivetti";"Professional Granito";"00";"180";"200";"";"Percentuale dichiarata dal produttore";"";"true";"https://www.molinipivetti.it/prodotto/professional-granito/";"2026-09-25";""
"molini-pivetti-professional-oro";"Molini Pivetti";"Professional Oro";"00";"210";"230";"";"Percentuale dichiarata dal produttore";"";"true";"https://www.molinipivetti.it/prodotto/professional-oro/";"2026-09-25";""
"molini-pivetti-professional-pizza-pane-tipo-1";"Molini Pivetti";"Professional Pizza & Pane Tipo 1";"1";"290";"320";"";"Percentuale dichiarata dal produttore";"";"true";"https://www.molinipivetti.it/prodotto/professional-pizza-pane-tipo-1/";"2026-09-25";""
"molini-pivetti-professional-pizza-azzurra";"Molini Pivetti";"Professional Pizza Azzurra";"00";"270";"290";"";"Percentuale dichiarata dal produttore";"";"true";"https://www.molinipivetti.it/prodotto/professional-pizza-azzurra/";"2026-09-25";""
"molini-pivetti-professional-pizza-blu";"Molini Pivetti";"Professional Pizza Blu";"00";"340";"370";"";"Percentuale dichiarata dal produttore";"";"true";"https://www.molinipivetti.it/prodotto/professional-pizza-blu/";"2026-09-25";""
"molini-pivetti-professional-pizza-rossa";"Molini Pivetti";"Professional Pizza Rossa";"00";"290";"320";"";"Percentuale dichiarata dal produttore";"";"true";"https://www.molinipivetti.it/prodotto/professional-pizza-rossa/";"2026-09-25";""
"molini-pivetti-professional-pizza-verde";"Molini Pivetti";"Professional Pizza Verde";"00";"190";"220";"";"Percentuale dichiarata dal produttore";"";"true";"https://www.molinipivetti.it/prodotto/professional-pizza-verde/";"2026-09-25";""
"molini-pivetti-professional-viola";"Molini Pivetti";"Professional Viola";"00";"160";"180";"";"Percentuale dichiarata dal produttore";"";"true";"https://www.molinipivetti.it/prodotto/professional-viola/";"2026-09-25";""
"molini-pivetti-sorbole";"Molini Pivetti";"Sorbole";"00";"220";"220";"";"Percentuale dichiarata dal produttore";"";"true";"https://www.molinipivetti.it/prodotto/sorbole/";"2026-09-25";""
"molino-casillo-aroma";"Molino Casillo";"Aroma";"1";"280";"280";"13";"g per 100 g di prodotto";"";"true";"https://shop.molinocasillo.com/it/farine-e-semole-per-professionisti/le-speciali-con-germe-di-grano/aroma";"2026-09-25";""
"molino-casillo-la-8";"Molino Casillo";"La 8";"0";"300";"300";"14.1";"g per 100 g di prodotto";"";"true";"https://shop.molinocasillo.com/it/farine-e-semole-per-professionisti/le-speciali-con-germe-di-grano/la-8";"2026-09-25";""
"molino-casillo-la-8-plus";"Molino Casillo";"La 8 Plus";"0";"350";"350";"14.1";"g per 100 g di prodotto";"";"true";"https://shop.molinocasillo.com/it/farine-e-semole-per-professionisti/le-speciali-con-germe-di-grano/la-8-plus";"2026-09-25";""
"molino-casillo-la-pizza";"Molino Casillo";"La pizza";"00";"260";"260";"12";"g per 100 g di prodotto";"";"true";"https://shop.molinocasillo.com/it/farine-e-semole/la-pizza/la-pizza";"2026-09-25";""
"molino-casillo-origine-pizza-ideale";"Molino Casillo";"Origine Pizza Ideale";"0";"290";"290";"12.5";"g per 100 g di prodotto";"";"true";"https://shop.molinocasillo.com/it/farine-e-semole-per-professionisti/origine/pizza-ideale";"2026-09-25";""
"molino-casillo-origine-pizza-superiore";"Molino Casillo";"Origine Pizza Superiore";"0";"340";"340";"13";"g per 100 g di prodotto";"";"true";"https://shop.molinocasillo.com/it/farine-e-semole-per-professionisti/origine/pizza-superiore";"2026-09-25";""
"molino-casillo-zero-m";"Molino Casillo";"Zero M";"0";"290";"290";"12";"g per 100 g di prodotto";"";"true";"https://shop.molinocasillo.com/it/farine-e-semole-per-professionisti/pizzeria/zero-m";"2026-09-25";""
"molino-casillo-zero-unica";"Molino Casillo";"Zero Unica";"0";"260";"260";"11";"g per 100 g di prodotto";"";"true";"https://shop.molinocasillo.com/it/farine-e-semole-per-professionisti/pizzeria/zero-unica";"2026-09-25";""
"molino-casillo-zero-xl";"Molino Casillo";"Zero XL";"0";"380";"380";"13.5";"g per 100 g di prodotto";"";"true";"https://shop.molinocasillo.com/it/farine-e-semole-per-professionisti/la-pizza/zero-xl";"2026-09-25";""
"dallagiovanna-e-rosa";"Molino Dallagiovanna";"E Rosa";"0 / 00";"250";"250";"";"Non disponibile";"";"true";"https://www.dallagiovanna.it/farine-speciali-far-pizza";"2026-09-25";"P/L non trascritto: il valore nella pagina presenta un refuso. Proteine non pubblicate."
"dallagiovanna-fr-rosa";"Molino Dallagiovanna";"FR Rosa";"0 / 00";"200";"200";"";"Non disponibile";"";"true";"https://www.dallagiovanna.it/farine-speciali-far-pizza";"2026-09-25";"P/L non trascritto: il valore nella pagina presenta un refuso. Proteine non pubblicate."
"dallagiovanna-lanapoletana";"Molino Dallagiovanna";"laNapoletana";"00";"310";"310";"";"Non disponibile";"0,60";"true";"https://www.dallagiovanna.it/farine-speciali-far-pizza";"2026-09-25";"Varianti di tipo raggruppate come nella scheda del produttore. Proteine non pubblicate nella pagina consultata."
"dallagiovanna-lanapoletana-2-0";"Molino Dallagiovanna";"laNapoletana 2.0";"0";"310";"310";"";"Non disponibile";"0,60";"true";"https://www.dallagiovanna.it/farine-speciali-far-pizza";"2026-09-25";"Varianti di tipo raggruppate come nella scheda del produttore. Proteine non pubblicate nella pagina consultata."
"dallagiovanna-lanapoletana-2-0-plus";"Molino Dallagiovanna";"laNapoletana 2.0 Plus";"0";"310";"310";"";"Non disponibile";"0,60";"true";"https://www.dallagiovanna.it/farine-speciali-far-pizza";"2026-09-25";"Varianti di tipo raggruppate come nella scheda del produttore. Proteine non pubblicate nella pagina consultata."
"dallagiovanna-n-blu";"Molino Dallagiovanna";"N Blu";"0 / 00";"290";"290";"";"Non disponibile";"0,55";"true";"https://www.dallagiovanna.it/farine-speciali-far-pizza";"2026-09-25";"Varianti di tipo raggruppate come nella scheda del produttore. Proteine non pubblicate nella pagina consultata."
"dallagiovanna-nobilgrano-e-rosa";"Molino Dallagiovanna";"Nobilgrano E Rosa";"0 / 1";"210";"210";"";"Non disponibile";"0,55";"true";"https://www.dallagiovanna.it/farine-speciali-far-pizza";"2026-09-25";"Varianti di tipo raggruppate come nella scheda del produttore. Proteine non pubblicate nella pagina consultata."
"dallagiovanna-nobilgrano-n-blu";"Molino Dallagiovanna";"Nobilgrano N Blu";"0 / 1";"290";"290";"";"Non disponibile";"0,55";"true";"https://www.dallagiovanna.it/farine-speciali-far-pizza";"2026-09-25";"Varianti di tipo raggruppate come nella scheda del produttore. Proteine non pubblicate nella pagina consultata."
"dallagiovanna-nobilgrano-r-verde";"Molino Dallagiovanna";"Nobilgrano R Verde";"0 / 1";"340";"340";"";"Non disponibile";"0,55";"true";"https://www.dallagiovanna.it/farine-speciali-far-pizza";"2026-09-25";"Varianti di tipo raggruppate come nella scheda del produttore. Proteine non pubblicate nella pagina consultata."
"dallagiovanna-r-verde";"Molino Dallagiovanna";"R Verde";"0 / 00";"340";"340";"";"Non disponibile";"0,60";"true";"https://www.dallagiovanna.it/farine-speciali-far-pizza";"2026-09-25";"Varianti di tipo raggruppate come nella scheda del produttore. Proteine non pubblicate nella pagina consultata."
"dallagiovanna-s-rossa";"Molino Dallagiovanna";"S Rossa";"0 / 00";"390";"390";"";"Non disponibile";"0,60";"true";"https://www.dallagiovanna.it/farine-speciali-far-pizza";"2026-09-25";"Varianti di tipo raggruppate come nella scheda del produttore. Proteine non pubblicate nella pagina consultata."
"molino-grassi-pizza-e-focaccia";"Molino Grassi";"Pizza e Focaccia";"00";"290";"290";"";"Percentuale dichiarata dal produttore";"0,50";"true";"https://www.molinograssi.it/product/farina-00-pizza-e-focaccia/";"2026-09-25";"La pagina riporta W 290, assorbimento A 56,0 e CD 13. CD non è stato interpretato come proteine."
"molino-rossetto-2368-farina-00-grano-italiano-vpack";"Molino Rossetto";"Farina 00 100% grano italiano";"00";"";"";"10.3";"g per 100 g di prodotto";"";"true";"https://www.molinorossetto.com/it/le-classiche/2368-farina-00-grano-italiano-vpack.html";"2026-09-25";"Parametri indicativi: il produttore segnala possibili variazioni stagionali. Eventuali minimi non sono trasformati in intervalli."
"molino-rossetto-2371-farina-tipo-0-grano-ita";"Molino Rossetto";"Farina tipo 0 100% grano italiano";"0";"170";"195";"10.3";"g per 100 g di prodotto";"";"true";"https://www.molinorossetto.com/it/le-classiche/2371-farina-tipo-0-grano-ita.html";"2026-09-25";"Parametri indicativi: il produttore segnala possibili variazioni stagionali. Eventuali minimi non sono trasformati in intervalli."
"molino-rossetto-2370-farina-tipo-0-manitoba-vpack-750-g-";"Molino Rossetto";"Farina tipo 0 Manitoba";"0";"280";"340";"";"g per 100 g di prodotto";"0,5-0,75";"true";"https://www.molinorossetto.com/it/le-classiche/2370-farina-tipo-0-manitoba-vpack-750-g-.html";"2026-09-25";"Parametri indicativi: il produttore segnala possibili variazioni stagionali. Eventuali minimi non sono trasformati in intervalli."
"molino-rossetto-2478-farina-veneta-di-grano-tenero-1kg-";"Molino Rossetto";"Farina veneta di grano tenero";"00";"";"";"10";"g per 100 g di prodotto";"";"true";"https://www.molinorossetto.com/it/le-classiche/2478-farina-veneta-di-grano-tenero-1kg-.html";"2026-09-25";"Parametri indicativi: il produttore segnala possibili variazioni stagionali. Eventuali minimi non sono trasformati in intervalli."
"molino-rossetto-1907-farina-w330-1-kg";"Molino Rossetto";"Farina W330";"00";"320";"360";"13";"g per 100 g di prodotto";"0,60";"true";"https://www.molinorossetto.com/it/le-farine-di-forza/1907-farina-w330-1-kg.html";"2026-09-25";"Parametri indicativi: il produttore segnala possibili variazioni stagionali. Eventuali minimi non sono trasformati in intervalli."
"molino-rossetto-1906-farina-w400-1-kg";"Molino Rossetto";"Farina W400";"00";"380";"420";"14";"g per 100 g di prodotto";"0,60";"true";"https://www.molinorossetto.com/it/le-farine-di-forza/1906-farina-w400-1-kg.html";"2026-09-25";"Parametri indicativi: il produttore segnala possibili variazioni stagionali. Eventuali minimi non sono trasformati in intervalli."
"molino-spadoni-farina-di-grano-duro-senatore-cappelli-500g";"Molino Spadoni";"Farina di grano duro Senatore Cappelli";"n.d.";"";"";"";"Percentuale dichiarata dal produttore";"";"false";"https://www.molinospadoni.it/prodotti/farina-di-grano-duro-senatore-cappelli-500g/";"2026-09-25";"Prodotto consultabile nel catalogo; richiede una ricetta specifica ed è escluso dal calcolo standard."
"molino-spadoni-farina-integrale-di-grano-tenero";"Molino Spadoni";"Farina Integrale di grano tenero";"Integrale";"";"";"";"Percentuale dichiarata dal produttore";"";"true";"https://www.molinospadoni.it/prodotti/farina-integrale-di-grano-tenero/";"2026-09-25";""
"molino-spadoni-farina-per-pizza-alla-napoletana-chella-lla-tipo-0";"Molino Spadoni";"Farina per pizza alla Napoletana Chella llà – tipo “0”";"0";"";"";"";"Percentuale dichiarata dal produttore";"";"true";"https://www.molinospadoni.it/prodotti/farina-per-pizza-alla-napoletana-chella-lla-tipo-0/";"2026-09-25";""
"molino-spadoni-farina-tipo-0-bio-gran-mugnaio-antigrumi";"Molino Spadoni";"Farina tipo “0” BIO Gran Mugnaio Antigrumi";"0";"";"";"";"Percentuale dichiarata dal produttore";"";"true";"https://www.molinospadoni.it/prodotti/farina-tipo-0-bio-gran-mugnaio-antigrumi/";"2026-09-25";""
"molino-spadoni-farina-tipo-0-damerica-manitoba";"Molino Spadoni";"Farina tipo “0” d’America tipo Manitoba";"0";"";"";"";"Percentuale dichiarata dal produttore";"";"true";"https://www.molinospadoni.it/prodotti/farina-tipo-0-damerica-manitoba/";"2026-09-25";""
"molino-spadoni-farina-di-grano-tenero-tipo-00-calibrata";"Molino Spadoni";"Farina tipo “00” Calibrata";"00";"";"";"";"Percentuale dichiarata dal produttore";"";"true";"https://www.molinospadoni.it/prodotti/farina-di-grano-tenero-tipo-00-calibrata/";"2026-09-25";""
"molino-spadoni-farina-tipo-00-anti-grumi-gran-mugnaio";"Molino Spadoni";"Farina tipo “00” Gran Mugnaio Antigrumi";"00";"";"";"";"Percentuale dichiarata dal produttore";"";"true";"https://www.molinospadoni.it/prodotti/farina-tipo-00-anti-grumi-gran-mugnaio/";"2026-09-25";""
"molino-spadoni-farina-tipo-00-per-pizza-gran-mugnaio";"Molino Spadoni";"Farina tipo “00” Gran Mugnaio per pizza";"00";"";"";"";"Percentuale dichiarata dal produttore";"";"true";"https://www.molinospadoni.it/prodotti/farina-tipo-00-per-pizza-gran-mugnaio/";"2026-09-25";""
"molino-spadoni-farina-tipo-00-per-pizza-gran-mugnaio-5kg";"Molino Spadoni";"Farina tipo “00” per pizza Gran Mugnaio";"00";"";"";"";"Percentuale dichiarata dal produttore";"";"true";"https://www.molinospadoni.it/prodotti/farina-tipo-00-per-pizza-gran-mugnaio-5kg/";"2026-09-25";""
"molino-spadoni-farina-tipo-1-damerica-manitoba";"Molino Spadoni";"Farina tipo “1” d’America tipo Manitoba";"1";"";"";"";"Percentuale dichiarata dal produttore";"";"true";"https://www.molinospadoni.it/prodotti/farina-tipo-1-damerica-manitoba/";"2026-09-25";""
"molino-spadoni-farina-xll-extra-lunghe-lievitazioni";"Molino Spadoni";"Farina XLL – Extra Lunghe Lievitazioni";"0";"";"";"";"Percentuale dichiarata dal produttore";"";"true";"https://www.molinospadoni.it/prodotti/farina-xll-extra-lunghe-lievitazioni/";"2026-09-25";""
"molino-spadoni-miscela-per-pizza-coi-fiocchi";"Molino Spadoni";"Miscela per pizza coi fiocchi";"0";"";"";"";"Percentuale dichiarata dal produttore";"";"true";"https://www.molinospadoni.it/prodotti/miscela-per-pizza-coi-fiocchi/";"2026-09-25";""
"molino-spadoni-mix-per-pizza-nera-ai-7-cereali";"Molino Spadoni";"Miscela per pizza nera ai 7 cereali";"1";"";"";"";"Percentuale dichiarata dal produttore";"";"true";"https://www.molinospadoni.it/prodotti/mix-per-pizza-nera-ai-7-cereali/";"2026-09-25";""
"molino-spadoni-miscela-professionale-pizza-soia";"Molino Spadoni";"Miscela Pizza alla Soia";"00";"";"";"";"Percentuale dichiarata dal produttore";"";"true";"https://www.molinospadoni.it/prodotti/miscela-professionale-pizza-soia/";"2026-09-25";""
"molino-spadoni-miscela-professionale-madre-pizza";"Molino Spadoni";"Miscela professionale MadrePizza";"0";"";"";"";"Percentuale dichiarata dal produttore";"";"true";"https://www.molinospadoni.it/prodotti/miscela-professionale-madre-pizza/";"2026-09-25";""
"molino-spadoni-pizza-al-taglio-pz1";"Molino Spadoni";"Pizza al taglio PZ1";"00";"";"";"";"Percentuale dichiarata dal produttore";"";"true";"https://www.molinospadoni.it/prodotti/pizza-al-taglio-pz1/";"2026-09-25";""
"molino-spadoni-pizza-classica-pz3";"Molino Spadoni";"Pizza classica PZ3";"00";"";"";"";"Percentuale dichiarata dal produttore";"";"true";"https://www.molinospadoni.it/prodotti/pizza-classica-pz3/";"2026-09-25";""
"molino-spadoni-pizza-croccante-pz4";"Molino Spadoni";"Pizza croccante PZ4";"00";"";"";"";"Percentuale dichiarata dal produttore";"";"true";"https://www.molinospadoni.it/prodotti/pizza-croccante-pz4/";"2026-09-25";""
"molino-spadoni-pizza-soffice-pz2";"Molino Spadoni";"Pizza soffice PZ2";"00";"";"";"";"Percentuale dichiarata dal produttore";"";"true";"https://www.molinospadoni.it/prodotti/pizza-soffice-pz2/";"2026-09-25";""
"molino-spadoni-farina-che-lievita";"Molino Spadoni";"Preparato istantaneo “Farina che Lievita”";"00";"";"";"";"Percentuale dichiarata dal produttore";"";"false";"https://www.molinospadoni.it/prodotti/farina-che-lievita/";"2026-09-25";"Preparato con lievito o caratteristiche specifiche: seguire la ricetta della confezione. Escluso dal calcolo standard."
"molino-spadoni-preparato-per-gran-pinsa-alla-romana";"Molino Spadoni";"Preparato per Gran Pinsa alla romana";"1";"";"";"";"Percentuale dichiarata dal produttore";"";"true";"https://www.molinospadoni.it/prodotti/preparato-per-gran-pinsa-alla-romana/";"2026-09-25";""
"molino-spadoni-preparato-per-gran-pizza-alla-napoletana";"Molino Spadoni";"Preparato per Gran Pizza alla napoletana";"1";"";"";"";"Percentuale dichiarata dal produttore";"";"true";"https://www.molinospadoni.it/prodotti/preparato-per-gran-pizza-alla-napoletana/";"2026-09-25";""
"molino-spadoni-preparato-per-pane-bianco";"Molino Spadoni";"Preparato per pane bianco con farina tipo “1”";"1";"";"";"";"Percentuale dichiarata dal produttore";"";"false";"https://www.molinospadoni.it/prodotti/preparato-per-pane-bianco/";"2026-09-25";"Preparato con lievito o caratteristiche specifiche: seguire la ricetta della confezione. Escluso dal calcolo standard."
"molino-spadoni-preparato-per-pane-farro-e-grano-saraceno";"Molino Spadoni";"Preparato per pane farro e grano saraceno";"Integrale";"";"";"";"Percentuale dichiarata dal produttore";"";"false";"https://www.molinospadoni.it/prodotti/preparato-per-pane-farro-e-grano-saraceno/";"2026-09-25";"Preparato con lievito o caratteristiche specifiche: seguire la ricetta della confezione. Escluso dal calcolo standard."
"molino-spadoni-preparato-per-pane-nero";"Molino Spadoni";"Preparato per pane nero";"1";"";"";"";"Percentuale dichiarata dal produttore";"";"false";"https://www.molinospadoni.it/prodotti/preparato-per-pane-nero/";"2026-09-25";"Preparato con lievito o caratteristiche specifiche: seguire la ricetta della confezione. Escluso dal calcolo standard."
"molino-spadoni-pizza-gran-sapore-istantanea";"Molino Spadoni";"Preparato per Pizza Gran Sapore Istantanea";"0";"";"";"";"Percentuale dichiarata dal produttore";"";"false";"https://www.molinospadoni.it/prodotti/pizza-gran-sapore-istantanea/";"2026-09-25";"Preparato con lievito o caratteristiche specifiche: seguire la ricetta della confezione. Escluso dal calcolo standard."
"molino-spadoni-semola-di-grano-duro";"Molino Spadoni";"Semola di grano duro Gran Mugnaio";"n.d.";"";"";"";"Percentuale dichiarata dal produttore";"";"false";"https://www.molinospadoni.it/prodotti/semola-di-grano-duro/";"2026-09-25";"Prodotto consultabile nel catalogo; richiede una ricetta specifica ed è escluso dal calcolo standard."
"molino-vigevano-aroma";"Molino Vigevano";"aRoma";"n.d.";"330";"360";"13.5";"Percentuale dichiarata dal produttore";"";"true";"https://molinovigevano.com/prodotto/aroma/";"2026-09-25";""
"molino-vigevano-costiera";"Molino Vigevano";"Costiera";"n.d.";"290";"330";"13.6";"Percentuale dichiarata dal produttore";"";"true";"https://molinovigevano.com/prodotto/costiera/";"2026-09-25";""
"molino-vigevano-farina-per-pizza-tipo-1";"Molino Vigevano";"Farina per Pizza Tipo 1";"1";"";"";"";"Percentuale dichiarata dal produttore";"";"false";"https://molinovigevano.com/prodotto/farina-per-pizza-tipo-1/";"2026-09-25";"Preparato con lievito o caratteristiche specifiche: seguire la ricetta della confezione. Escluso dal calcolo standard."
"molino-vigevano-mix-pane-e-pizza-senza-glutine";"Molino Vigevano";"Mix Pane e Pizza";"n.d.";"";"";"";"Percentuale dichiarata dal produttore";"";"false";"https://molinovigevano.com/prodotto/mix-pane-e-pizza-senza-glutine/";"2026-09-25";""
"molino-vigevano-moreschina";"Molino Vigevano";"Moreschina · casa";"n.d.";"270";"290";"14";"Percentuale dichiarata dal produttore";"";"true";"https://molinovigevano.com/prodotto/moreschina/";"2026-09-25";""
"molino-vigevano-moreschina-farina-professionale";"Molino Vigevano";"Moreschina · professionale";"n.d.";"270";"290";"14";"Percentuale dichiarata dal produttore";"";"true";"https://molinovigevano.com/prodotto/moreschina-farina-professionale/";"2026-09-25";""
"molino-vigevano-moreschina-ricca";"Molino Vigevano";"Moreschina Ricca · professionale";"n.d.";"270";"290";"14";"Percentuale dichiarata dal produttore";"";"true";"https://molinovigevano.com/prodotto/moreschina-ricca/";"2026-09-25";""
"molino-vigevano-oro-fibra-due";"Molino Vigevano";"Oro Fibra Due";"Integrale";"250";"280";"11.9";"Percentuale dichiarata dal produttore";"";"true";"https://molinovigevano.com/prodotto/oro-fibra-due/";"2026-09-25";""
"molino-vigevano-oro-fibra-uno";"Molino Vigevano";"Oro Fibra Uno";"1";"290";"310";"13.2";"Percentuale dichiarata dal produttore";"";"true";"https://molinovigevano.com/prodotto/oro-fibra-uno/";"2026-09-25";""
"molino-vigevano-pizza-croccante";"Molino Vigevano";"Pizza Croccante";"1";"";"";"";"Percentuale dichiarata dal produttore";"";"false";"https://molinovigevano.com/prodotto/pizza-croccante/";"2026-09-25";"Preparato con lievito o caratteristiche specifiche: seguire la ricetta della confezione. Escluso dal calcolo standard."
"molino-vigevano-pizza-in-teglia";"Molino Vigevano";"Pizza in Teglia";"0";"350";"350";"14.5";"Percentuale dichiarata dal produttore";"";"true";"https://molinovigevano.com/prodotto/pizza-in-teglia/";"2026-09-25";""
"molino-vigevano-pizza-piuma";"Molino Vigevano";"Pizza Piuma";"n.d.";"";"";"11.4";"Percentuale dichiarata dal produttore";"";"true";"https://molinovigevano.com/prodotto/pizza-piuma/";"2026-09-25";"Contiene latte in polvere; verificare la ricetta del produttore."
"molino-vigevano-pizza-soffice";"Molino Vigevano";"Pizza Soffice";"1";"";"";"";"Percentuale dichiarata dal produttore";"";"false";"https://molinovigevano.com/prodotto/pizza-soffice/";"2026-09-25";"Preparato con lievito o caratteristiche specifiche: seguire la ricetta della confezione. Escluso dal calcolo standard."
"molino-vigevano-tramonti";"Molino Vigevano";"Tramonti";"n.d.";"330";"360";"14.5";"Percentuale dichiarata dal produttore";"";"true";"https://molinovigevano.com/prodotto/tramonti/";"2026-09-25";""
"molino-vigevano-vera-napoli";"Molino Vigevano";"Vera Napoli";"n.d.";"250";"270";"13";"Percentuale dichiarata dal produttore";"";"true";"https://molinovigevano.com/prodotto/vera-napoli/";"2026-09-25";""
"molino-vigevano-verace";"Molino Vigevano";"Verace";"n.d.";"200";"230";"11.2";"Percentuale dichiarata dal produttore";"";"true";"https://molinovigevano.com/prodotto/verace/";"2026-09-25";""
"molino-vigevano-vesuvio";"Molino Vigevano";"Vesuvio · casa";"n.d.";"290";"290";"14.5";"Percentuale dichiarata dal produttore";"";"true";"https://molinovigevano.com/prodotto/vesuvio/";"2026-09-25";""
"molino-vigevano-vesuvio-farina-professionale";"Molino Vigevano";"Vesuvio · professionale";"n.d.";"270";"290";"14.5";"Percentuale dichiarata dal produttore";"";"true";"https://molinovigevano.com/prodotto/vesuvio-farina-professionale/";"2026-09-25";""
"mulino-padano-farina-mulino-padano-tipo-0-extra";"Mulino Padano";"Extra";"0";"360";"380";"13.8";"g per 100 g di prodotto";"< 0,70";"true";"https://store.mulinopadano.it/prodotto/farina-mulino-padano-tipo-0-extra/";"2026-09-25";""
"mulino-padano-granessere-gustofibra-n3";"Mulino Padano";"GustoFibra N°3";"Integrale";"280";"300";"12.6";"g per 100 g di prodotto";"";"true";"https://store.mulinopadano.it/prodotto/granessere-gustofibra-n3/";"2026-09-25";""
"mulino-padano-granessere-gustofibra-n4";"Mulino Padano";"GustoFibra N°4";"n.d.";"340";"360";"14.9";"g per 100 g di prodotto";"";"true";"https://store.mulinopadano.it/prodotto/granessere-gustofibra-n4/";"2026-09-25";""
"mulino-padano-farina-granaio-italiano-integrale-forte";"Mulino Padano";"Integrale Forte";"Integrale";"330";"350";"14";"g per 100 g di prodotto";"";"true";"https://store.mulinopadano.it/prodotto/farina-granaio-italiano-integrale-forte/";"2026-09-25";""
"mulino-padano-farina-mulino-padano-tipo-0-rinforzata";"Mulino Padano";"Rinforzata";"0";"320";"340";"12.8";"g per 100 g di prodotto";"< 0,70";"true";"https://store.mulinopadano.it/prodotto/farina-mulino-padano-tipo-0-rinforzata/";"2026-09-25";""
"mulino-padano-farina-per-pizza-s10";"Mulino Padano";"S10";"00";"290";"320";"12";"g per 100 g di prodotto";"< 0,65";"true";"https://store.mulinopadano.it/prodotto/farina-per-pizza-s10/";"2026-09-25";""
"mulino-padano-farina-per-pizza-s15";"Mulino Padano";"S15";"00";"330";"360";"13.5";"g per 100 g di prodotto";"< 0,65";"true";"https://store.mulinopadano.it/prodotto/farina-per-pizza-s15/";"2026-09-25";""
"mulino-padano-farina-per-pizza-s20";"Mulino Padano";"S20";"00";"380";"420";"15";"g per 100 g di prodotto";"< 0,70";"true";"https://store.mulinopadano.it/prodotto/farina-per-pizza-s20/";"2026-09-25";""
"mulino-padano-farina-mulino-padano-tipo-0-star";"Mulino Padano";"Star";"0";"440";"460";"15.3";"g per 100 g di prodotto";"< 0,70";"true";"https://store.mulinopadano.it/prodotto/farina-mulino-padano-tipo-0-star/";"2026-09-25";""
"mulino-padano-farina-granaio-italiano-tipo-0-forte";"Mulino Padano";"Tipo “0” Forte";"0";"330";"350";"13.5";"g per 100 g di prodotto";"< 0,70";"true";"https://store.mulinopadano.it/prodotto/farina-granaio-italiano-tipo-0-forte/";"2026-09-25";""
"mulino-padano-farina-granaio-italiano-tipo-0-nazionale";"Mulino Padano";"Tipo “0” Nazionale";"0";"200";"220";"10.5";"g per 100 g di prodotto";"< 0,70";"true";"https://store.mulinopadano.it/prodotto/farina-granaio-italiano-tipo-0-nazionale/";"2026-09-25";""
"mulino-padano-farina-granaio-italiano-tipo-1-forte";"Mulino Padano";"Tipo “1” Forte";"1";"300";"340";"14";"g per 100 g di prodotto";"";"true";"https://store.mulinopadano.it/prodotto/farina-granaio-italiano-tipo-1-forte/";"2026-09-25";""
"mulino-padano-farina-granaio-italiano-tipo-2-forte-pietra";"Mulino Padano";"Tipo “2” Forte Macinata A Pietra";"2";"300";"320";"15";"g per 100 g di prodotto";"";"true";"https://store.mulinopadano.it/prodotto/farina-granaio-italiano-tipo-2-forte-pietra/";"2026-09-25";""
"petra-5037";"Petra";"5037";"0";"300";"340";"13.5";"g per 100 g di prodotto";"0,55–0,65";"true";"https://www.farinapetra.it/pg23/?bn=farinapetra&codice=10555&dfbg=catalogopetra&mt=no&nmm=1&nosh=1&permalink=petra-5037&urlplk=farine-pizzeria";"2026-09-25";"Proteine dalla tabella nutrizionale; la scheda tecnica riporta separatamente protidi 13,0–13,5%."
"petra-pizza-hp";"Petra";"Pizza HP";"0";"320";"340";"13.5";"g per 100 g di prodotto";"0,55–0,65";"true";"https://www.farinapetra.it/pg23/?bn=farinapetra&codice=10555&ct=card&dfbg=catalogopetra&mt=no&nmm=1&nosh=1&permalink=petra-Pizza+HP&urlplk=box+1+kg";"2026-09-25";"Farina parzialmente da grano germogliato. Proteine dalla tabella nutrizionale."
"polselli-classica";"Polselli";"Classica";"00";"270";"270";"";"Percentuale dichiarata dal produttore";"";"true";"https://www.polselli.it/it/farina/nome/Classica/linea/convenzionale";"2026-09-25";"W nominale; la pagina riporta una tolleranza “+0-5%”, non convertita in intervallo. Proteine non pubblicate."
"polselli-super";"Polselli";"Super";"00";"360";"360";"";"Percentuale dichiarata dal produttore";"";"true";"https://www.polselli.it/it/farina/nome/Super/linea/convenzionale";"2026-09-25";"W nominale; la pagina riporta una tolleranza “+0-5%”, non convertita in intervallo. Proteine non pubblicate."
"polselli-vivace";"Polselli";"Vivace";"00";"290";"290";"";"Percentuale dichiarata dal produttore";"";"true";"https://www.polselli.it/it/farina/nome/Vivace/linea/convenzionale";"2026-09-25";"W nominale; la pagina riporta una tolleranza “+0-5%”, non convertita in intervallo. Proteine non pubblicate."
